 H    + hν  , → , H⁺    + e⁻            , Photoionization ,
 H₂   + hν  , → , H₂⁺   + e⁻            , Photoionization ,
 H₂   + hν  , → , H⁺    + e⁻ + H        , Photoionization ,
 He   + hν  , → , He⁺   + e⁻            , Photoionization ,
 CH₄  + hν  , → , CH₄⁺  + e⁻            , Photoionization ,
 CH₄  + hν  , → , CH₃⁺  + e⁻ + H        , Photoionization ,
 CH₄  + hν  , → , H₂⁺   + e⁻ + products , Photoionization ,
 C₂H₂ + hν  , → , C₂H₂⁺ + e⁻            , Photoionization ,
 C₂H₄ + hν  , → , C₂H₄⁺ + e⁻            , Photoionization ,
 C₂H₄ + hν  , → , C₂H₃⁺ + e⁻ + H        , Photoionization ,
 C₂H₄ + hν  , → , C₂H₂⁺ + e⁻ + products , Photoionization ,
 C₂H₄ + hν  , → , C₂H⁺  + e⁻ + products , Photoionization ,
 C₂H₆ + hν  , → , C₂H₆⁺ + e⁻            , Photoionization ,
 C₂H₆ + hν  , → , C₂H₅⁺ + e⁻ + H        , Photoionization ,
 C₂H₆ + hν  , → , C₂H₄⁺ + e⁻ + products , Photoionization ,
 C₂H₆ + hν  , → , C₂H₃⁺ + e⁻ + products , Photoionization ,
 C₂H₆ + hν  , → , C₂H₂⁺ + e⁻ + products , Photoionization ,
 H⁺    + e⁻ , → , H               , 4.0 × 10⁻¹²× ( Te/250.0)⁻⁰·⁷ , RC1 in Kim and Fox [1994] 
 He⁺   + e⁻ , → , He              , 4.0 × 10⁻¹²× ( Te/250.0)⁻⁰·⁷ , RC2 in Kim and Fox [1994] 
 HeH⁺  + e⁻ , → , H    +  He      , 1.0 × 10⁻⁸ × ( Te/300.0)⁻⁰·⁶ , RC3 in Kim and Fox [1994] 
 H₂⁺   + e⁻ , → , H    +  H       , 2.3 × 10⁻⁷ × ( Te/300.0)⁻⁰·⁴ , RC4 in Kim and Fox [1994] 
 H₃⁺   + e⁻ , → , H₂   +  H       , 4.4 × 10⁻⁸ × ( Te/300.0)⁻⁰·⁵ , RC5 in Kim and Fox [1994] 
 H₃⁺   + e⁻ , → , H    +  H +  H  , 5.6 × 10⁻⁸ × ( Te/300.0)⁻⁰·⁵ , RC6 in Kim and Fox [1994] 
 C⁺    + e⁻ , → , C               , 4.0 × 10⁻¹²× ( Te/250.0)⁻⁰·⁷ , RC7 in Kim and Fox [1994] 
 CH⁺   + e⁻ , → , C    +  H       , 1.5 × 10⁻⁷ × ( Te/300.0)⁻⁰·⁴² , RC8 in Kim and Fox [1994] 
 CH₂⁺  + e⁻ , → , CH   +  H       , 2.5 × 10⁻⁷ × ( Te/300.0)⁻⁰·⁵ , RC9 in Kim and Fox [1994] 
 CH₃⁺  + e⁻ , → , CH₂  +  H       , 3.5 × 10⁻⁷ × ( Te/300.0)⁻⁰·⁵ , RC10 in Kim and Fox [1994] 
 CH₄⁺  + e⁻ , → , CH₃  +  H       , 3.5 × 10⁻⁷ × ( Te/300.0)⁻⁰·⁵ , RC11 in Kim and Fox [1994] 
 CH₄⁺  + e⁻ , → , CH₂  +  H +  H  , 3.5 × 10⁻⁷ × ( Te/300.0)⁻⁰·⁵ , RC12 in Kim and Fox [1994] 
 CH₅⁺  + e⁻ , → , CH₂  +  H +  H₂ , 8.8 × 10⁻⁷ × ( Te/300.0)⁻⁰·⁵ , RC13 in Kim and Fox [1994] 
 CH₅⁺  + e⁻ , → , CH₃  +  H +  H  , 2.2 × 10⁻⁷ × ( Te/300.0)⁻⁰·⁵ , RC14 in Kim and Fox [1994] 
 C₂⁺   + e⁻ , → , C    +  C       , 3.0 × 10⁻⁷ × ( Te/300.0)⁻⁰·⁵ , RC15 in Kim and Fox [1994] 
 C₂H⁺  + e⁻ , → , C₂   +  H       , 2.7 × 10⁻⁷ × ( Te/300.0)⁻⁰·⁵ , RC16 in Kim and Fox [1994] 
 C₂H⁺  + e⁻ , → , CH   +  C       , 2.7 × 10⁻⁷ × ( Te/300.0)⁻⁰·⁵ , RC17 in Kim and Fox [1994] 
 C₂H₂⁺ + e⁻ , → , C₂H  +  H       , 2.7 × 10⁻⁷ × ( Te/300.0)⁻⁰·⁵ , RC18 in Kim and Fox [1994] 
 C₂H₂⁺ + e⁻ , → , CH   +  CH      , 2.7 × 10⁻⁷ × ( Te/300.0)⁻⁰·⁵ , RC19 in Kim and Fox [1994] 
 C₂H₃⁺ + e⁻ , → , C₂H₂ +  H       , 4.5 × 10⁻⁷ × ( Te/300.0)⁻⁰·⁵ , RC20 in Kim and Fox [1994] 
 C₂H₃⁺ + e⁻ , → , CH₂  +  CH      , 4.5 × 10⁻⁷ × ( Te/300.0)⁻⁰·⁵ , RC21 in Kim and Fox [1994] 
 C₂H₄⁺ + e⁻ , → , C₂H₃ +  H       , 3.0 × 10⁻⁷ × ( Te/300.0)⁻⁰·⁵ , RC22 in Kim and Fox [1994] 
 C₂H₄⁺ + e⁻ , → , CH₂  +  CH₂     , 3.0 × 10⁻⁷ × ( Te/300.0)⁻⁰·⁵ , RC23 in Kim and Fox [1994] 
 C₂H₅⁺ + e⁻ , → , C₂H₄ +  H       , 7.4 × 10⁻⁷ × ( Te/300.0)⁻⁰·⁵ , RC24 in Kim and Fox [1994] 
 C₂H₅⁺ + e⁻ , → , CH₃  +  CH₂     , 7.4 × 10⁻⁷ × ( Te/300.0)⁻⁰·⁵ , RC25 in Kim and Fox [1994] 
 C₂H₆⁺ + e⁻ , → , C₂H₅ +  H       , 3.0 × 10⁻⁷ × ( Te/300.0)⁻⁰·⁵ , RC26 in Kim and Fox [1994] 
 C₂H₆⁺ + e⁻ , → , CH₃  +  CH₃     , 3.0 × 10⁻⁷ × ( Te/300.0)⁻⁰·⁵ , RC27 in Kim and Fox [1994] 
 C₂H₇⁺ + e⁻ , → , C₂H₆ +  H       , 3.5 × 10⁻⁷ × ( Te/300.0)⁻⁰·⁵ , RC28 in Kim and Fox [1994] 
 C₃H⁺  + e⁻ , → , products        , 7.5 × 10⁻⁷ × ( Te/300.0)⁻⁰·⁵ , RC29 in Kim and Fox [1994] 
 C₃H₂⁺ + e⁻ , → , products        , 7.5 × 10⁻⁷ × ( Te/300.0)⁻⁰·⁵ , RC29 in Kim and Fox [1994] 
 C₃H₃⁺ + e⁻ , → , products        , 7.5 × 10⁻⁷ × ( Te/300.0)⁻⁰·⁵ , RC29 in Kim and Fox [1994] 
 C₃H₄⁺ + e⁻ , → , products        , 7.5 × 10⁻⁷ × ( Te/300.0)⁻⁰·⁵ , RC29 in Kim and Fox [1994] 
 C₃H₅⁺ + e⁻ , → , products        , 7.5 × 10⁻⁷ × ( Te/300.0)⁻⁰·⁵ , RC29 in Kim and Fox [1994] 
 C₃H₆⁺ + e⁻ , → , products        , 7.5 × 10⁻⁷ × ( Te/300.0)⁻⁰·⁵ , RC29 in Kim and Fox [1994] 
 C₃H₇⁺ + e⁻ , → , products        , 7.5 × 10⁻⁷ × ( Te/300.0)⁻⁰·⁵ , RC29 in Kim and Fox [1994] 
 C₃H₈⁺ + e⁻ , → , products        , 7.5 × 10⁻⁷ × ( Te/300.0)⁻⁰·⁵ , RC29 in Kim and Fox [1994] 
 C₃H₉⁺ + e⁻ , → , products        , 7.5 × 10⁻⁷ × ( Te/300.0)⁻⁰·⁵ , RC29 in Kim and Fox [1994] 
 C₄H⁺  + e⁻ , → , products        , 7.5 × 10⁻⁷ × ( Te/300.0)⁻⁰·⁵ , RC30 in Kim and Fox [1994] 
 C₄H₂⁺ + e⁻ , → , products        , 7.5 × 10⁻⁷ × ( Te/300.0)⁻⁰·⁵ , RC30 in Kim and Fox [1994] 
 C₄H₃⁺ + e⁻ , → , products        , 7.5 × 10⁻⁷ × ( Te/300.0)⁻⁰·⁵ , RC30 in Kim and Fox [1994] 
 C₄H₅⁺ + e⁻ , → , products        , 7.5 × 10⁻⁷ × ( Te/300.0)⁻⁰·⁵ , RC30 in Kim and Fox [1994] 
 C₄H₇⁺ + e⁻ , → , products        , 7.5 × 10⁻⁷ × ( Te/300.0)⁻⁰·⁵ , RC30 in Kim and Fox [1994] 
 C₄H₉⁺ + e⁻ , → , products        , 7.5 × 10⁻⁷ × ( Te/300.0)⁻⁰·⁵ , RC30 in Kim and Fox [1994] 
 H₂⁺   + H₂       , → , H₃⁺   + H             , 2.00 × 10⁻⁹ , R1 in Kim and Fox [1994] 
 H₂⁺   + H        , → , H⁺    + H₂            , 6.40 × 10⁻¹⁰ , R2 in Kim and Fox [1994] 
 H₂⁺   + He       , → , HeH⁺  + H             , 1.40 × 10⁻¹⁰ , R3 in Kim and Fox [1994] 
 H₂⁺   + CH₄      , → , CH₅⁺  + H             , 1.10 × 10⁻¹⁰ , R4 in Kim and Fox [1994] 
 H₂⁺   + CH₄      , → , CH₄⁺  + H₂            , 1.41 × 10⁻⁹ , R5 in Kim and Fox [1994] 
 H₂⁺   + CH₄      , → , CH₃⁺  + H   + H₂      , 2.28 × 10⁻⁹ , R6 in Kim and Fox [1994] 
 H₂⁺   + C₂H₂     , → , C₂H₃⁺ + H             , 4.77 × 10⁻¹⁰ , R7 in Kim and Fox [1994] 
 H₂⁺   + C₂H₂     , → , C₂H₂⁺ + H₂            , 4.82 × 10⁻⁹ , R8 in Kim and Fox [1994] 
 H₂⁺   + C₂H₆     , → , C₂H₆⁺ + H₂            , 2.94 × 10⁻¹⁰ , R9 in Kim and Fox [1994] 
 H₂⁺   + C₂H₆     , → , C₂H₅⁺ + H   + H₂      , 1.37 × 10⁻⁹ , R10 in Kim and Fox [1994] 
 H₂⁺   + C₂H₆     , → , C₂H₄⁺ + H₂  + H₂      , 2.35 × 10⁻⁹ , R11 in Kim and Fox [1994] 
 H₂⁺   + C₂H₆     , → , C₂H₃⁺ + H   + H₂ + H₂ , 6.86 × 10⁻¹⁰ , R12 in Kim and Fox [1994] 
 H₂⁺   + C₂H₆     , → , C₂H₂⁺ + H₂  + H₂ + H₂ , 1.96 × 10⁻¹⁰ , R13 in Kim and Fox [1994] 
 He⁺   + H₂       , → , H₂⁺   + He            , 9.35 × 10⁻¹⁵ , R14 in Kim and Fox [1994] 
 He⁺   + H₂       , → , H⁺    + H   + He      , 4.57 × 10⁻¹⁴ , R15 in Kim and Fox [1994] 
 He⁺   + H₂(ν≥2) , → , H⁺    + H   + He      , 1.0 × 10⁻⁹ , R16 in Kim and Fox [1994] 
 He⁺   + CH₄      , → , H⁺    + CH₃ + He      , 4.76 × 10⁻¹⁰ , R17 in Kim and Fox [1994] 
 He⁺   + CH₄      , → , CH⁺   + H₂  + H  + He , 2.38 × 10⁻¹⁰ , R18 in Kim and Fox [1994] 
 He⁺   + CH₄      , → , CH₂⁺  + H₂  + He      , 8.50 × 10⁻¹⁰ , R19 in Kim and Fox [1994] 
 He⁺   + CH₄      , → , CH₃⁺  + H   + He      , 8.50 × 10⁻¹¹ , R20 in Kim and Fox [1994] 
 He⁺   + CH₄      , → , CH₄⁺  + He            , 5.10 × 10⁻¹¹ , R21 in Kim and Fox [1994] 
 He⁺   + C₂H₂     , → , C₂H₂⁺ + He            , 2.45 × 10⁻¹⁰ , R22 in Kim and Fox [1994] 
 He⁺   + C₂H₂     , → , C₂H⁺  + H   + He      , 8.75 × 10⁻¹⁰ , R23 in Kim and Fox [1994] 
 He⁺   + C₂H₂     , → , C₂⁺   + H₂  + He      , 1.61 × 10⁻⁹ , R24 in Kim and Fox [1994] 
 He⁺   + C₂H₂     , → , CH⁺   + CH  + He      , 7.70 × 10⁻¹⁰ , R25 in Kim and Fox [1994] 
 He⁺   + C₂H₄     , → , C₂H₄⁺ + He            , 2.38 × 10⁻¹⁰ , R26 in Kim and Fox [1994] 
 He⁺   + C₂H₄     , → , C₂H₃⁺ + H   + He      , 1.70 × 10⁻¹⁰ , R27 in Kim and Fox [1994] 
 He⁺   + C₂H₄     , → , C₂H₂⁺ + H₂  + He      , 2.18 × 10⁻⁹ , R28 in Kim and Fox [1994] 
 He⁺   + C₂H₄     , → , C₂H⁺  + H   + H₂ + He , 4.42 × 10⁻¹⁰ , R29 in Kim and Fox [1994] 
 He⁺   + C₂H₄     , → , CH₂⁺  + CH₂ + He      , 4.08 × 10⁻¹⁰ , R30 in Kim and Fox [1994] 
 He⁺   + C₂H₆     , → , C₂H₄⁺ + H₂  + He      , 4.20 × 10⁻¹⁰ , R31 in Kim and Fox [1994] 
 He⁺   + C₂H₆     , → , C₂H₃⁺ + H   + H₂ + He , 1.74 × 10⁻⁹ , R32 in Kim and Fox [1994] 
 He⁺   + C₂H₆     , → , C₂H₂⁺ + H₂  + H₂ + He , 8.40 × 10⁻¹⁰ , R33 in Kim and Fox [1994] 
 H⁺    + CH₄      , → , CH₃⁺  + H₂            , 3.69 × 10⁻⁹ , R34 in Kim and Fox [1994] 
 H⁺    + CH₄      , → , CH₄⁺  + H             , 0.81 × 10⁻⁹ , R35 in Kim and Fox [1994] 
 H⁺    + C₂H₆     , → , C₂H₃⁺ + H₂ +  H₂      , 1.30 × 10⁻⁹ , R36 in Kim and Fox [1994] 
 H⁺    + C₂H₆     , → , C₂H₄⁺ + H  +  H₂      , 1.30 × 10⁻⁹ , R37 in Kim and Fox [1994] 
 H⁺    + C₂H₆     , → , C₂H₅⁺ + H₂            , 1.30 × 10⁻⁹ , R38 in Kim and Fox [1994] 
 H⁺    + H₂(ν≥4) , → , H₂⁺   + H             , 2.0 × 10⁻⁹ , Kim and Fox [1994]
 HeH⁺  + H₂       , → , H₃⁺   + He            , 1.50 × 10⁻⁹ , R39 in Kim and Fox [1994] 
 HeH⁺  + H        , → , H₂⁺   + He            , 9.10 × 10⁻¹⁰ , R40 in Kim and Fox [1994] 
 HeH⁺  + C₂H₄     , → , C₂H₄⁺ + H  +  He      , 7.00 × 10⁻¹⁰ , R41 in Kim and Fox [1994] 
 HeH⁺  + C₂H₄     , → , C₂H₃⁺ + H₂ +  He      , 2.10 × 10⁻⁹ , R42 in Kim and Fox [1994] 
 HeH⁺  + C₂H₆     , → , C₂H₃⁺ + H₂ +  H₂ + He , 1.05 × 10⁻⁹ , R43 in Kim and Fox [1994] 
 HeH⁺  + C₂H₆     , → , C₂H₅⁺ + H₂ +  He      , 1.05 × 10⁻⁹ , R44 in Kim and Fox [1994] 
 H₃⁺   + CH₄      , → , CH₅⁺  + H₂            , 2.40 × 10⁻⁹ , R45 in Kim and Fox [1994] 
 H₃⁺   + C₂H₂     , → , C₂H₃⁺ + H₂            , 2.90 × 10⁻⁹ , R46 in Kim and Fox [1994] 
 H₃⁺   + C₂H₄     , → , C₂H₅⁺ + H₂            , 0.69 × 10⁻⁹ , R47 in Kim and Fox [1994] 
 H₃⁺   + C₂H₄     , → , C₂H₃⁺ + H₂  +  H₂     , 1.61 × 10⁻⁹ , R48 in Kim and Fox [1994] 
 H₃⁺   + C₂H₆     , → , C₂H₅⁺ + H₂  +  H₂     , 2.40 × 10⁻⁹ , R49 in Kim and Fox [1994] 
 C⁺    + CH₄      , → , C₂H₂⁺ + H₂            , 3.30 × 10⁻¹⁰ , R50 in Kim and Fox [1994] 
 C⁺    + CH₄      , → , C₂H₃⁺ + H             , 9.80 × 10⁻¹⁰ , R51 in Kim and Fox [1994] 
 C⁺    + C₂H₂     , → , C₃H⁺  + H             , 2.80 × 10⁻⁹ , R52 in Kim and Fox [1994] 
 C⁺    + C₂H₄     , → , C₂H₃⁺ + CH            , 8.50 × 10⁻¹¹ , R53 in Kim and Fox [1994] 
 C⁺    + C₂H₄     , → , C₂H₄⁺ + C             , 1.70 × 10⁻¹⁰ , R54 in Kim and Fox [1994] 
 C⁺    + C₂H₄     , → , C₃H⁺  + H   +  H₂     , 8.50 × 10⁻¹¹ , R55 in Kim and Fox [1994] 
 C⁺    + C₂H₄     , → , C₃H₂⁺ + H₂            , 3.40 × 10⁻¹⁰ , R56 in Kim and Fox [1994] 
 C⁺    + C₂H₄     , → , C₃H₃⁺ + H             , 1.00 × 10⁻⁹ , R57 in Kim and Fox [1994] 
 C⁺    + C₂H₆     , → , C₂H₂⁺ + CH₄           , 1.70 × 10⁻¹⁰ , R58 in Kim and Fox [1994] 
 C⁺    + C₂H₆     , → , C₂H₃⁺ + CH₃           , 5.10 × 10⁻¹⁰ , R59 in Kim and Fox [1994] 
 C⁺    + C₂H₆     , → , C₂H₅⁺ + CH            , 1.70 × 10⁻¹⁰ , R60 in Kim and Fox [1994] 
 C⁺    + C₂H₆     , → , C₃H₃⁺ + H   +  H₂     , 8.50 × 10⁻¹⁰ , R61 in Kim and Fox [1994] 
 CH⁺   + H        , → , C⁺    + H₂            , 7.50 × 10⁻¹⁰ , R62 in Kim and Fox [1994] 
 CH⁺   + H₂       , → , CH₂⁺  + H             , 1.20 × 10⁻⁹ , R63 in Kim and Fox [1994] 
 CH⁺   + CH₄      , → , C₂H₄⁺ + H             , 6.50 × 10⁻¹¹ , R64 in Kim and Fox [1994] 
 CH⁺   + CH₄      , → , C₂H₃⁺ + H₂            , 1.10 × 10⁻⁹ , R65 in Kim and Fox [1994] 
 CH⁺   + CH₄      , → , C₂H₂⁺ + H   +  H₂     , 1.40 × 10⁻¹⁰ , R66 in Kim and Fox [1994] 
 CH⁺   + C₂H₂     , → , C₃H₂⁺ + H             , 2.40 × 10⁻⁹ , R67 in Kim and Fox [1994] 
 CH₂⁺  + H₂       , → , CH₃⁺  + H             , 1.60 × 10⁻⁹ , R68 in Kim and Fox [1994] 
 CH₂⁺  + CH₄      , → , C₂H₅⁺ + H             , 3.60 × 10⁻¹⁰ , R69 in Kim and Fox [1994] 
 CH₂⁺  + CH₄      , → , C₂H₄⁺ + H₂            , 8.40 × 10⁻¹⁰ , R70 in Kim and Fox [1994] 
 CH₂⁺  + C₂H₂     , → , C₃H₃⁺ + H             , 2.50 × 10⁻⁹ , R71 in Kim and Fox [1994] 
 CH₃⁺  + CH₄      , → , C₂H₅⁺ + H₂            , 1.20 × 10⁻⁹ , R72 in Kim and Fox [1994] 
 CH₃⁺  + C₂H₂     , → , C₃H₃⁺ + H₂            , 1.20 × 10⁻⁹ , R73 in Kim and Fox [1994] 
 CH₃⁺  + C₂H₄     , → , C₂H₃⁺ + CH₄           , 3.50 × 10⁻¹⁰ , R74 in Kim and Fox [1994] 
 CH₃⁺  + C₂H₄     , → , C₃H₃⁺ + H₂  +  H₂     , 4.60 × 10⁻¹¹ , R75 in Kim and Fox [1994] 
 CH₃⁺  + C₂H₄     , → , C₃H₅⁺ + H₂            , 5.20 × 10⁻¹⁰ , R76 in Kim and Fox [1994] 
 CH₃⁺  + C₂H₆     , → , C₂H₅⁺ + CH₄           , 1.50 × 10⁻⁹ , R77 in Kim and Fox [1994] 
 CH₃⁺  + C₂H₆     , → , C₃H₅⁺ + H₂  +  H₂     , 1.60 × 10⁻¹⁰ , R78 in Kim and Fox [1994] 
 CH₃⁺  + C₂H₆     , → , C₃H₇⁺ + H₂            , 1.00 × 10⁻¹⁰ , R79 in Kim and Fox [1994] 
 CH₄⁺  + H₂       , → , CH₅⁺  + H             , 3.0 × 10⁻¹¹ , R80 in Kim and Fox [1994] 
 CH₄⁺  + CH₄      , → , CH₅⁺  + CH₃           , 1.50 × 10⁻⁹ , R81 in Kim and Fox [1994] 
 CH₄⁺  + C₂H₂     , → , C₂H₂⁺ + CH₄           , 1.13 × 10⁻⁹ , R82 in Kim and Fox [1994] 
 CH₄⁺  + C₂H₂     , → , C₂H₃⁺ + CH₃           , 1.23 × 10⁻⁹ , R83 in Kim and Fox [1994] 
 CH₄⁺  + C₂H₂     , → , C₃H₃⁺ + H   +  H₂     , 1.51 × 10⁻¹⁰ , R84 in Kim and Fox [1994] 
 CH₄⁺  + C₂H₄     , → , C₂H₄⁺ + CH₄           , 1.38 × 10⁻⁹ , R85 in Kim and Fox [1994] 
 CH₄⁺  + C₂H₄     , → , C₂H₅⁺ + CH₃           , 4.23 × 10⁻¹⁰ , R86 in Kim and Fox [1994] 
 CH₄⁺  + C₂H₄     , → , C₃H₅⁺ + H   +  H₂     , 5.52 × 10⁻¹¹ , R87 in Kim and Fox [1994] 
 CH₄⁺  + C₂H₆     , → , C₂H₄⁺ + CH₄ +  H₂     , 1.91 × 10⁻⁹ , R88 in Kim and Fox [1994] 
 CH₅⁺  + H        , → , CH₄⁺  + H₂            , 1.50 × 10⁻¹⁰ , R89 in Kim and Fox [1994] 
 CH₅⁺  + C₂H₂     , → , C₂H₃⁺ + CH₄           , 1.56 × 10⁻⁹ , R90 in Kim and Fox [1994] 
 CH₅⁺  + C₂H₄     , → , C₂H₅⁺ + CH₄           , 1.50 × 10⁻⁹ , R91 in Kim and Fox [1994] 
 CH₅⁺  + C₂H₆     , → , C₂H₅⁺ + CH₄ +  H₂     , 2.25 × 10⁻¹⁰ , R92 in Kim and Fox [1994] 
 CH₅⁺  + C₂H₆     , → , C₂H₇⁺ + CH₄           , 1.28 × 10⁻⁹ , R93 in Kim and Fox [1994] 
 C₂⁺   + H₂       , → , C₂H⁺  + H             , 1.20 × 10⁻⁹ , R94 in Kim and Fox [1994] 
 C₂⁺   + CH₄      , → , C₂H⁺  + CH₃           , 2.38 × 10⁻¹⁰ , R95 in Kim and Fox [1994] 
 C₂⁺   + CH₄      , → , C₂H₂⁺ + CH₂           , 1.82 × 10⁻¹⁰ , R96 in Kim and Fox [1994] 
 C₂⁺   + CH₄      , → , C₃H⁺  + H   +  H₂     , 1.96 × 10⁻¹⁰ , R97 in Kim and Fox [1994] 
 C₂⁺   + CH₄      , → , C₃H₂⁺ + H₂            , 5.74 × 10⁻¹⁰ , R98 in Kim and Fox [1994] 
 C₂⁺   + CH₄      , → , C₃H₃⁺ + H             , 2.10 × 10⁻¹⁰ , R99 in Kim and Fox [1994] 
 C₂⁺   + C₂H₂     , → , C₄H⁺  + H             , 1.20 × 10⁻⁹ , R100 in Kim and Fox [1994] 
 C₂⁺   + C₂H₄     , → , products              , 1.90 × 10⁻⁹ , R101 in Kim and Fox [1994] 
 C₂H⁺  + H₂       , → , C₂H₂⁺ + H             , 1.70 × 10⁻⁹ , R102 in Kim and Fox [1994] 
 C₂H⁺  + CH₄      , → , C₂H₂⁺ + CH₃           , 3.74 × 10⁻¹⁰ , R103 in Kim and Fox [1994] 
 C₂H⁺  + CH₄      , → , C₃H₃⁺ + H₂            , 3.74 × 10⁻¹⁰ , R104 in Kim and Fox [1994] 
 C₂H⁺  + CH₄      , → , C₃H₄⁺ + H             , 1.32 × 10⁻¹⁰ , R105 in Kim and Fox [1994] 
 C₂H⁺  + CH₄      , → , C₃H₅⁺                 , 2.20 × 10⁻¹⁰ , R106 in Kim and Fox [1994] 
 C₂H⁺  + C₂H₂     , → , C₄H₂⁺ + H             , 1.20 × 10⁻⁹ , R107 in Kim and Fox [1994] 
 C₂H⁺  + C₂H₄     , → , products              , 1.71 × 10⁻⁹ , R108 in Kim and Fox [1994] 
 C₂H₂⁺ + H₂       , → , C₂H₃⁺ + H             , 1.80 × 10⁻¹² , R109 in Kim and Fox [1994] 
 C₂H₂⁺ + CH₄      , → , C₃H₄⁺ + H₂            , 1.60 × 10⁻¹⁰ , R110 in Kim and Fox [1994] 
 C₂H₂⁺ + CH₄      , → , C₃H₅⁺ + H             , 6.40 × 10⁻¹⁰ , R111 in Kim and Fox [1994] 
 C₂H₂⁺ + C₂H₂     , → , C₄H₂⁺ + H₂            , 5.16 × 10⁻¹⁰ , R112 in Kim and Fox [1994] 
 C₂H₂⁺ + C₂H₂     , → , C₄H₃⁺ + H             , 5.88 × 10⁻¹⁰ , R113 in Kim and Fox [1994] 
 C₂H₂⁺ + C₂H₄     , → , C₂H₄⁺ + C₂H₂          , 8.96 × 10⁻¹⁰ , R114 in Kim and Fox [1994] 
 C₂H₂⁺ + C₂H₄     , → , C₃H₃⁺ + CH₃           , 2.80 × 10⁻¹⁰ , R115 in Kim and Fox [1994] 
 C₂H₂⁺ + C₂H₄     , → , C₄H₅⁺ + H             , 2.24 × 10⁻¹⁰ , R116 in Kim and Fox [1994] 
 C₂H₂⁺ + C₂H₆     , → , C₂H₄⁺ + C₂H₄          , 2.63 × 10⁻¹⁰ , R117 in Kim and Fox [1994] 
 C₂H₂⁺ + C₂H₆     , → , C₂H₅⁺ + C₂H₃          , 1.31 × 10⁻¹⁰ , R118 in Kim and Fox [1994] 
 C₂H₂⁺ + C₂H₆     , → , C₃H₃⁺ + CH₃ +  H₂     , 8.76 × 10⁻¹¹ , R119 in Kim and Fox [1994] 
 C₂H₂⁺ + C₂H₆     , → , C₃H₄⁺ + CH₄           , 1.46 × 10⁻¹¹ , R120 in Kim and Fox [1994] 
 C₂H₂⁺ + C₂H₆     , → , C₃H₅⁺ + CH₃           , 7.88 × 10⁻¹⁰ , R121 in Kim and Fox [1994] 
 C₂H₂⁺ + C₂H₆     , → , C₄H₅⁺ + H   +  H₂     , 7.30 × 10⁻¹¹ , R122 in Kim and Fox [1994] 
 C₂H₂⁺ + C₂H₆     , → , C₄H₇⁺ + H             , 1.31 × 10⁻¹⁰ , R123 in Kim and Fox [1994] 
 C₂H₃⁺ + H        , → , C₂H₂⁺ + H₂            , 1.00 × 10⁻¹⁰ , R124 in Kim and Fox [1994] 
 C₂H₃⁺ + CH₄      , → , C₃H₅⁺ + H₂            , 2.00 × 10⁻¹⁰ , R125 in Kim and Fox [1994] 
 C₂H₃⁺ + C₂H₂     , → , C₄H₃⁺ + H₂            , 2.16 × 10⁻¹⁰ , R126 in Kim and Fox [1994] 
 C₂H₃⁺ + C₂H₄     , → , C₂H₅⁺ + C₂H₂          , 9.30 × 10⁻¹⁰ , R127 in Kim and Fox [1994] 
 C₂H₃⁺ + C₂H₆     , → , C₂H₅⁺ + C₂H₄          , 2.91 × 10⁻¹⁰ , R128 in Kim and Fox [1994] 
 C₂H₃⁺ + C₂H₆     , → , C₃H₅⁺ + CH₄           , 2.48 × 10⁻¹⁰ , R129 in Kim and Fox [1994] 
 C₂H₃⁺ + C₂H₆     , → , C₄H₇⁺ + H₂            , 8.06 × 10⁻¹¹ , R130 in Kim and Fox [1994] 
 C₂H₄⁺ + H        , → , C₂H₃⁺ + H₂            , 3.0 × 10⁻¹⁰ , R131 in Kim and Fox [1994] 
 C₂H₄⁺ + C₂H₂     , → , C₃H₃⁺ + CH₃           , 6.73 × 10⁻¹⁰ , R132 in Kim and Fox [1994] 
 C₂H₄⁺ + C₂H₂     , → , C₄H₅⁺ + H             , 2.37 × 10⁻¹⁰ , R133 in Kim and Fox [1994] 
 C₂H₄⁺ + C₂H₄     , → , C₃H₅⁺ + CH₃           , 7.19 × 10⁻¹⁰ , R134 in Kim and Fox [1994] 
 C₂H₄⁺ + C₂H₄     , → , C₄H₇⁺ + H             , 7.11 × 10⁻¹¹ , R135 in Kim and Fox [1994] 
 C₂H₄⁺ + C₂H₆     , → , C₃H₆⁺ + CH₄           , 3.71 × 10⁻¹³ , R136 in Kim and Fox [1994] 
 C₂H₄⁺ + C₂H₆     , → , C₃H₇⁺ + CH₃           , 4.93 × 10⁻¹² , R137 in Kim and Fox [1994] 
 C₂H₅⁺ + H        , → , C₂H₄⁺ + H₂            , 1.0 × 10⁻¹¹ , R138 in Kim and Fox [1994] 
 C₂H₅⁺ + CH₄      , → , C₃H₇⁺ + H₂            , 4.00 × 10⁻¹⁵ , R139 in Kim and Fox [1994] 
 C₂H₅⁺ + C₂H₂     , → , C₃H₃⁺ + CH₄           , 6.84 × 10⁻¹¹ , R140 in Kim and Fox [1994] 
 C₂H₅⁺ + C₂H₂     , → , C₄H₅⁺ + H₂            , 1.22 × 10⁻¹⁰ , R141 in Kim and Fox [1994] 
 C₂H₅⁺ + C₂H₄     , → , C₃H₅⁺ + CH₄           , 3.90 × 10⁻¹⁰ , R142 in Kim and Fox [1994] 
 C₂H₅⁺ + C₂H₆     , → , C₄H₉⁺ + H₂            , 4.00 × 10⁻¹¹ , R143 in Kim and Fox [1994] 
 C₂H₆⁺ + H        , → , C₂H₅⁺ + H₂            , 1.0 × 10⁻¹⁰ , R144 in Kim and Fox [1994] 
 C₂H₆⁺ + C₂H₂     , → , C₂H₅⁺ + C₂H₃          , 2.22 × 10⁻¹⁰ , R145 in Kim and Fox [1994] 
 C₂H₆⁺ + C₂H₂     , → , C₃H₅⁺ + CH₃           , 8.19 × 10⁻¹⁰ , R146 in Kim and Fox [1994] 
 C₂H₆⁺ + C₂H₂     , → , C₄H₇⁺ + H             , 1.29 × 10⁻¹⁰ , R147 in Kim and Fox [1994] 
 C₂H₆⁺ + C₂H₄     , → , C₂H₄⁺ + C₂H₆          , 1.15 × 10⁻⁹ , R148 in Kim and Fox [1994] 
 C₂H₆⁺ + C₂H₆     , → , C₃H₈⁺ + CH₄           , 7.98 × 10⁻¹² , R149 in Kim and Fox [1994] 
 C₂H₆⁺ + C₂H₆     , → , C₃H₉⁺ + CH₃           , 1.10 × 10⁻¹¹ , R150 in Kim and Fox [1994] 
 C₂H₇⁺ + C₂H₂     , → , C₂H₃⁺ + C₂H₆          , 1.0 × 10⁻⁹ , R151 in Kim and Fox [1994] 
 C₂H₇⁺ + C₂H₄     , → , C₂H₅⁺ + C₂H₆          , 1.0 × 10⁻⁹ , R152 in Kim and Fox [1994] 
 H⁺    + H₂ + H₂ , → , H₃⁺   + H₂ , 3.2 × 10⁻²⁹ , R153 in Kim and Fox [1994] 
 CH₃⁺  + H₂ + H₂ , → , CH₅⁺  + H₂ , 3.3 × 10⁻²⁸ , R154 in Kim and Fox [1994] 
 CH₃⁺  + H₂ + He , → , CH₅⁺  + He , 1.1 × 10⁻²⁸ , R155 in Kim and Fox [1994] 
 C₂H₂⁺ + H₂ + He , → , C₂H₄⁺ + He , 1.2 × 10⁻²⁷ , R156 in Kim and Fox [1994] 
 H     + H  + H₂ , → , H₂    + H₂ , 2.7 × 10⁻³¹ × (Tn/1)⁻⁰·⁶ , Perry et al. [1999] 
